Name,Gender,Age,Debter,School_type,Area,Result
Kristen Kent,Female,21,No,Private,Rural,Graduated
Adrian Curry,Male,15,Yes,Private,Urban,Dropped
Carrie Garcia,Male,27,Yes,Private,Urban,Dropped
Mr. Kenneth Matthews MD,Female,30,Yes,Private,Rural,Enrolled
Bradley Mcgee,Male,24,No,Private,Rural,Dropped
Jessica Pruitt,Male,17,Yes,Govt.,Urban,Graduated
Curtis Lopez,Male,27,No,Govt.,Urban,Dropped
Lisa Rogers,Female,20,No,Govt.,Urban,Enrolled
Michelle Hunt,Male,17,No,Govt.,Rural,Dropped
Nicholas Chandler,Female,16,Yes,Govt.,Urban,Enrolled
Thomas Lee,Male,25,Yes,Govt.,Rural,Dropped
Samantha Salazar,Female,21,Yes,Private,Rural,Enrolled
Connie Shelton,Female,15,No,Govt.,Urban,Graduated
Erin Jones,Male,17,Yes,Govt.,Urban,Dropped
Nicole Jacobs,Male,28,No,Govt.,Urban,Dropped
Isabella Bentley,Male,12,No,Private,Rural,Enrolled
Lisa Alvarez,Male,18,Yes,Private,Rural,Dropped
Madison Phillips,Male,23,No,Govt.,Urban,Graduated
Christina Harrison,Male,12,No,Private,Rural,Dropped
Alexis Hudson,Male,27,No,Private,Rural,Graduated
Randall Taylor,Male,30,No,Govt.,Urban,Graduated
William Morales,Female,16,Yes,Private,Urban,Dropped
David Prince,Female,29,No,Private,Rural,Dropped
Angela Knapp,Female,22,No,Govt.,Rural,Enrolled
Anna Griffin,Female,12,Yes,Private,Urban,Dropped
Dawn Zimmerman,Male,12,Yes,Private,Urban,Graduated
Melissa Stephenson,Female,12,No,Private,Rural,Dropped
Brittany Perez,Male,27,No,Private,Rural,Dropped
Melissa Nguyen,Male,22,No,Govt.,Urban,Enrolled
Erin Santos,Male,12,Yes,Govt.,Urban,Enrolled
Laura Gonzalez,Male,13,Yes,Govt.,Rural,Dropped
Kristen Ware,Female,12,Yes,Private,Rural,Enrolled
Glenn Potts,Male,29,Yes,Govt.,Urban,Enrolled
Krista Wright,Male,27,No,Private,Urban,Enrolled
Michelle Hopkins,Female,30,No,Private,Urban,Enrolled
Teresa Yates,Female,30,Yes,Private,Urban,Graduated
Jose Washington,Male,14,Yes,Govt.,Rural,Graduated
Daniel Herrera,Female,29,Yes,Govt.,Urban,Enrolled
Jennifer Stevens,Female,22,No,Govt.,Rural,Dropped
Dylan Harris,Male,19,No,Private,Rural,Dropped
Shawn Berry,Male,14,Yes,Govt.,Rural,Enrolled
Karen Hernandez,Male,23,No,Govt.,Rural,Enrolled
Carol Maddox,Female,16,No,Private,Rural,Dropped
Teresa Oliver,Female,26,Yes,Private,Rural,Enrolled
Megan Cunningham,Female,14,No,Private,Rural,Enrolled
Aaron Miller,Female,13,Yes,Private,Urban,Dropped
Timothy Marsh,Female,22,No,Private,Rural,Dropped
Philip Medina,Male,25,No,Govt.,Urban,Graduated
Justin Thompson,Male,30,Yes,Govt.,Rural,Enrolled
James Rodriguez,Male,26,Yes,Private,Urban,Enrolled
Paul Bruce,Female,12,Yes,Govt.,Rural,Dropped
Mark Davis,Male,14,Yes,Govt.,Urban,Dropped
Carla Mills,Male,26,Yes,Private,Urban,Graduated
David Parker,Female,20,No,Private,Rural,Enrolled
Sharon Perez,Male,18,Yes,Govt.,Rural,Enrolled
Kimberly Shields,Male,29,No,Private,Rural,Enrolled
Daniel Ramsey,Female,20,Yes,Private,Rural,Enrolled
Misty Roberts,Male,15,No,Govt.,Rural,Dropped
Daniel Martinez,Male,18,No,Private,Urban,Graduated
Dylan Walter,Male,16,No,Govt.,Rural,Graduated
Mary Simmons,Male,28,Yes,Private,Rural,Enrolled
Jeanette Ramsey,Female,28,No,Govt.,Urban,Graduated
Kevin Gonzalez,Male,24,Yes,Govt.,Rural,Dropped
Mr. James Cummings,Female,20,Yes,Govt.,Urban,Enrolled
Melinda Mcconnell,Female,29,Yes,Private,Urban,Graduated
Ryan Monroe,Female,26,No,Private,Urban,Enrolled
Marvin Reynolds,Male,14,No,Govt.,Urban,Enrolled
Thomas Jones,Male,28,No,Govt.,Rural,Dropped
James Thornton MD,Female,12,Yes,Govt.,Urban,Enrolled
Erin Williams,Male,22,No,Govt.,Urban,Graduated
Renee Moody,Male,23,Yes,Private,Urban,Enrolled
Elizabeth Walls,Female,12,Yes,Govt.,Rural,Enrolled
Brandon Diaz,Male,16,Yes,Private,Rural,Dropped
Chad Harris,Female,30,No,Govt.,Urban,Dropped
Charles Valenzuela,Male,13,Yes,Govt.,Rural,Graduated
Cynthia Thompson,Male,16,No,Govt.,Urban,Graduated
Paige Rosario,Male,30,No,Private,Urban,Enrolled
Tiffany Simon,Female,15,Yes,Govt.,Urban,Graduated
Tamara Beck,Male,26,Yes,Private,Rural,Dropped
Dr. Matthew Tucker,Female,24,No,Private,Rural,Dropped
Jessica Ramsey,Female,13,No,Private,Urban,Enrolled
Antonio Evans,Male,24,No,Govt.,Urban,Dropped
Ryan Mcconnell,Male,13,Yes,Private,Rural,Graduated
John Oneal,Female,25,Yes,Private,Rural,Graduated
Patricia Cobb,Female,27,Yes,Govt.,Urban,Dropped
Maria Krause,Male,18,Yes,Govt.,Urban,Enrolled
Debra Keith,Male,25,Yes,Govt.,Rural,Graduated
Ruth Pope,Female,16,Yes,Govt.,Rural,Dropped
Peter Schmidt,Female,16,Yes,Private,Rural,Enrolled
Jennifer Gamble,Male,24,Yes,Govt.,Urban,Enrolled
Joshua Brown,Female,29,No,Govt.,Rural,Dropped
Sharon Hart,Male,20,No,Govt.,Rural,Enrolled
Taylor Lopez,Male,14,No,Govt.,Urban,Enrolled
Dan Lewis,Female,14,No,Private,Rural,Enrolled
John Mcintosh,Male,25,No,Govt.,Urban,Enrolled
David Maldonado,Male,19,Yes,Govt.,Urban,Dropped
Abigail Jackson,Male,15,Yes,Govt.,Rural,Enrolled
Amanda Ortega,Female,25,No,Private,Urban,Enrolled
Virginia Foster,Male,13,Yes,Private,Rural,Enrolled
Michael Brown,Female,28,No,Private,Urban,Graduated
Phillip George,Male,28,Yes,Govt.,Rural,Graduated
Kevin Long,Female,19,Yes,Private,Rural,Graduated
Mark Andrews,Female,17,Yes,Govt.,Urban,Enrolled
Craig Gutierrez,Female,21,No,Govt.,Rural,Graduated
Rebecca Perry,Male,28,No,Govt.,Rural,Graduated
Anita Bartlett,Male,17,Yes,Private,Urban,Graduated
Claudia Brown,Female,14,Yes,Govt.,Rural,Dropped
Erin Davis DVM,Female,17,Yes,Govt.,Rural,Graduated
Carolyn Williamson,Male,29,No,Govt.,Urban,Dropped
Robert Scott Jr.,Male,26,No,Private,Rural,Dropped
Logan Nunez,Female,13,No,Govt.,Rural,Graduated
Christopher Ray,Female,26,No,Private,Rural,Enrolled
Rebecca Wilkins,Female,19,No,Private,Rural,Dropped
Gregory Logan,Female,24,Yes,Govt.,Rural,Enrolled
Jacqueline Rollins,Male,21,No,Govt.,Rural,Graduated
Anna Payne,Female,16,Yes,Private,Urban,Graduated
Rodney Brown,Male,17,No,Private,Rural,Dropped
Samantha Hernandez,Female,15,Yes,Private,Rural,Dropped
Michael Franco,Male,23,Yes,Private,Urban,Graduated
Richard Harris DDS,Male,29,Yes,Govt.,Urban,Dropped
Keith Cooper,Female,17,No,Private,Urban,Enrolled
Nancy Ruiz,Female,21,Yes,Govt.,Rural,Enrolled
Scott Burke,Female,23,Yes,Govt.,Rural,Enrolled
Joshua Hendricks,Female,21,No,Private,Urban,Graduated
Ronnie Pace MD,Female,18,No,Private,Urban,Graduated
David Ramirez,Male,26,No,Private,Rural,Graduated
Chloe Martin,Male,22,Yes,Private,Urban,Enrolled
Jennifer Cardenas,Male,13,Yes,Govt.,Rural,Enrolled
Heather White,Male,13,Yes,Private,Urban,Graduated
Jerry Brown,Male,19,Yes,Govt.,Urban,Graduated
Sarah Nguyen,Female,20,Yes,Govt.,Urban,Graduated
Thomas Morris,Male,15,Yes,Private,Urban,Dropped
Teresa Cabrera,Female,25,Yes,Govt.,Urban,Enrolled
Michael Baker,Male,13,Yes,Govt.,Urban,Graduated
James Garcia,Male,18,Yes,Govt.,Rural,Graduated
Savannah Jacobs,Female,18,Yes,Govt.,Rural,Enrolled
Miss Julie Cummings,Female,17,Yes,Govt.,Rural,Enrolled
John Owen,Male,14,Yes,Govt.,Rural,Enrolled
Shannon Washington,Male,28,Yes,Govt.,Rural,Dropped
Rachel Gray,Male,18,Yes,Private,Rural,Graduated
Tyrone Tran,Male,25,No,Private,Urban,Graduated
Mackenzie Dominguez,Male,21,No,Govt.,Urban,Dropped
Emily Trevino,Male,27,No,Private,Urban,Graduated
Desiree Short,Male,13,No,Govt.,Rural,Dropped
Leslie Nelson,Female,29,No,Govt.,Urban,Enrolled
Luke Patel,Female,24,Yes,Private,Rural,Graduated
Elizabeth Winters,Female,15,Yes,Govt.,Urban,Enrolled
Patrick Mitchell,Male,16,Yes,Private,Rural,Graduated
Melissa Parker,Male,15,Yes,Govt.,Rural,Enrolled
Jennifer Rangel,Female,30,No,Govt.,Urban,Graduated
Joshua West,Male,14,Yes,Govt.,Urban,Dropped
Jerry Anderson,Male,21,No,Private,Urban,Dropped
James Baldwin,Female,28,No,Private,Rural,Graduated
Joseph Gardner,Male,16,No,Private,Rural,Enrolled
Christina Cochran,Male,29,Yes,Private,Urban,Enrolled
Shawn Brooks,Male,21,No,Govt.,Rural,Dropped
Ricky Rodriguez,Male,29,Yes,Govt.,Urban,Graduated
Lori Carroll,Female,24,No,Govt.,Urban,Dropped
Amanda Walker,Female,27,Yes,Govt.,Rural,Dropped
Kelly Simon,Male,23,Yes,Private,Rural,Enrolled
Tina Adams,Male,16,Yes,Govt.,Rural,Dropped
Beth Burns MD,Female,23,No,Govt.,Urban,Graduated
Todd Thompson,Female,30,No,Private,Urban,Graduated
Natalie Carr,Male,15,Yes,Private,Rural,Graduated
Julie Calhoun,Female,12,No,Govt.,Rural,Dropped
Luke Foley,Female,18,Yes,Private,Urban,Graduated
Julie Parker,Female,17,Yes,Private,Rural,Graduated
Sharon Neal,Female,24,Yes,Govt.,Urban,Dropped
Kathleen Spencer,Male,25,Yes,Govt.,Rural,Graduated
Matthew Garcia,Female,18,Yes,Private,Urban,Dropped
Diana Sanchez,Female,14,Yes,Govt.,Rural,Enrolled
Jonathan Roberts,Female,25,No,Govt.,Urban,Graduated
Michaela Tran,Male,12,Yes,Private,Rural,Enrolled
Robert Krueger,Female,13,Yes,Private,Urban,Graduated
Shawn Clark,Male,17,No,Private,Urban,Dropped
Gina Gallagher,Male,20,No,Private,Rural,Enrolled
Rachel Jones,Female,20,Yes,Private,Urban,Graduated
Ms. Jessica Martinez,Male,24,No,Private,Rural,Dropped
Andrew Murillo,Male,18,No,Private,Urban,Graduated
Jasmine Watson,Male,28,No,Private,Rural,Dropped
Jordan Wilson,Male,18,Yes,Govt.,Urban,Graduated
Sandra Robinson,Male,22,Yes,Govt.,Rural,Enrolled
Judy Cisneros,Female,29,No,Govt.,Rural,Graduated
William Phelps,Male,19,No,Govt.,Urban,Enrolled
Jennifer Johnson,Male,12,Yes,Private,Rural,Dropped
Brandon Knight,Female,27,Yes,Private,Urban,Graduated
Jim Miller,Male,19,No,Govt.,Rural,Graduated
Tommy Mcgrath,Male,13,No,Govt.,Urban,Enrolled
Harold Ramirez,Female,16,Yes,Govt.,Rural,Enrolled
Sean Estrada,Male,13,No,Govt.,Urban,Enrolled
Laura Raymond,Male,12,Yes,Private,Urban,Enrolled
Sarah Boyer,Male,25,Yes,Govt.,Rural,Dropped
Ray Moore,Male,29,No,Govt.,Rural,Enrolled
Julian Kim,Male,26,No,Private,Urban,Dropped
Peter Heath,Female,20,No,Private,Urban,Graduated
Holly Williams,Male,16,No,Govt.,Rural,Enrolled
Christopher Nunez,Female,13,Yes,Govt.,Urban,Enrolled
Tony Leach,Male,19,No,Govt.,Urban,Dropped
Nathan Miller,Male,18,Yes,Govt.,Urban,Graduated
Patricia Brown,Female,26,Yes,Private,Rural,Graduated
Timothy Frye,Male,15,Yes,Private,Rural,Graduated
Thomas Andrade,Female,19,No,Private,Rural,Dropped
Melinda Williams,Male,22,No,Private,Urban,Graduated
Julia Garner,Female,24,Yes,Govt.,Urban,Dropped
Veronica Chen,Male,18,No,Govt.,Urban,Dropped
Elizabeth Jordan,Female,14,No,Private,Urban,Enrolled
Christina Lopez,Female,28,No,Govt.,Urban,Enrolled
Michelle Thompson,Female,23,Yes,Govt.,Urban,Dropped
Michael Humphrey,Female,23,No,Private,Rural,Enrolled
Brandon Montoya MD,Female,20,No,Govt.,Rural,Enrolled
Sean Le,Female,24,Yes,Govt.,Urban,Graduated
Kathleen Phillips,Male,21,Yes,Govt.,Urban,Graduated
Jessica Holden,Female,26,No,Govt.,Urban,Dropped
Mr. Eric Parks Jr.,Female,28,No,Govt.,Urban,Enrolled
Sarah Holmes,Female,12,Yes,Private,Rural,Graduated
Logan Whitaker,Male,12,Yes,Private,Urban,Enrolled
Patrick Hernandez,Male,22,Yes,Govt.,Rural,Enrolled
Meghan Galvan,Male,25,Yes,Private,Rural,Enrolled
Brandon Erickson,Male,30,No,Private,Rural,Enrolled
James Pham,Female,29,No,Govt.,Rural,Graduated
Jessica Sparks,Male,15,No,Govt.,Rural,Graduated
James Evans,Male,16,No,Govt.,Urban,Dropped
Amy Montoya,Female,22,Yes,Govt.,Urban,Graduated
Colleen Glover,Male,26,Yes,Govt.,Urban,Dropped
Jeremy Landry,Female,12,No,Private,Urban,Enrolled
Michael Torres,Male,15,Yes,Govt.,Urban,Graduated
Mr. Johnathan Daniels,Male,15,No,Private,Rural,Dropped
Allison Mason,Female,19,Yes,Private,Rural,Enrolled
Ryan Moreno,Male,19,Yes,Govt.,Rural,Graduated
Eric Sandoval DVM,Female,15,No,Govt.,Rural,Graduated
Erin Brewer,Male,26,No,Private,Urban,Graduated
Cheryl Navarro,Female,20,Yes,Private,Urban,Graduated
Mark Reynolds,Male,12,Yes,Govt.,Urban,Dropped
David Phelps,Male,23,Yes,Private,Rural,Graduated
Bonnie Robinson,Female,24,Yes,Govt.,Rural,Graduated
Patricia Murray,Male,27,Yes,Govt.,Rural,Dropped
Austin Wright,Female,19,Yes,Govt.,Urban,Enrolled
Chad Jones III,Male,28,Yes,Govt.,Urban,Enrolled
Bob Gordon,Female,24,Yes,Private,Rural,Dropped
Julie Jones,Female,29,No,Private,Rural,Enrolled
Eduardo Gregory,Female,25,Yes,Govt.,Urban,Enrolled
Gregory Miranda,Male,12,Yes,Govt.,Rural,Dropped
Jennifer Juarez,Female,24,Yes,Private,Rural,Graduated
Jacob Brown,Male,22,Yes,Private,Urban,Graduated
Anthony Wagner,Male,12,Yes,Private,Urban,Enrolled
Tony Weeks DVM,Female,27,Yes,Govt.,Urban,Dropped
Bridget Glover,Male,15,No,Private,Rural,Graduated
Martin Oconnor,Male,23,No,Private,Urban,Enrolled
Anna Mata,Male,20,Yes,Private,Rural,Graduated
Dale Wright,Female,22,No,Govt.,Rural,Enrolled
Nicholas Gonzales,Female,28,Yes,Private,Rural,Dropped
Deborah Park,Male,29,No,Private,Rural,Dropped
Melissa Price,Male,22,Yes,Govt.,Urban,Dropped
Rebecca Huber,Male,24,No,Private,Urban,Graduated
Wyatt Humphrey,Female,26,No,Govt.,Urban,Graduated
Jessica Hernandez,Male,22,Yes,Govt.,Urban,Graduated
Maureen Ho,Female,22,Yes,Govt.,Urban,Dropped
Michael Walls,Female,15,Yes,Private,Urban,Graduated
Bryan Villanueva,Female,13,Yes,Private,Rural,Graduated
Laura Welch,Female,19,No,Private,Rural,Graduated
Meghan Beck,Male,21,No,Private,Urban,Graduated
Carol Munoz,Female,26,Yes,Govt.,Rural,Graduated
Tracy Hicks,Female,13,Yes,Govt.,Urban,Enrolled
Karen Bray,Male,23,No,Govt.,Rural,Enrolled
Jeremy Johnson,Female,12,Yes,Private,Urban,Dropped
Clayton Leonard Jr.,Female,27,No,Govt.,Rural,Enrolled
Megan Underwood,Female,19,No,Private,Urban,Dropped
Christopher Mcdonald,Male,29,No,Govt.,Urban,Enrolled
Sean Rosales,Male,21,No,Govt.,Rural,Enrolled
Jo Martin,Male,13,Yes,Govt.,Rural,Graduated
Jonathan Young,Female,24,No,Govt.,Urban,Dropped
Christopher Potter,Female,27,No,Private,Rural,Graduated
Ms. Casey Mcneil,Female,17,No,Private,Urban,Graduated
John Gillespie,Male,20,Yes,Govt.,Urban,Enrolled
Mary Rodriguez,Female,16,Yes,Govt.,Rural,Dropped
Trevor Collins,Female,18,No,Govt.,Urban,Enrolled
Morgan Gray,Female,27,Yes,Govt.,Rural,Dropped
Valerie Luna,Male,27,No,Private,Urban,Dropped
Roy Johnson,Female,13,Yes,Govt.,Urban,Graduated
Jonathan Williams,Female,16,Yes,Private,Rural,Dropped
Becky Hale,Male,24,No,Govt.,Rural,Dropped
Matthew Butler,Male,13,No,Private,Urban,Enrolled
Patrick Moon,Male,18,Yes,Govt.,Rural,Graduated
Mallory Bartlett,Female,19,Yes,Private,Rural,Dropped
Russell Lopez,Female,22,Yes,Govt.,Rural,Enrolled
Michael Warner,Female,21,No,Govt.,Rural,Dropped
Kelly Pham,Female,18,No,Private,Urban,Dropped
Jose Beck,Male,12,Yes,Private,Rural,Dropped
Melissa Jackson,Female,29,Yes,Private,Rural,Graduated
Nancy Miller,Male,21,Yes,Private,Urban,Graduated
Nathaniel Morris,Female,12,No,Private,Urban,Dropped
Christian Fry,Male,27,No,Private,Urban,Enrolled
Devin Williams,Female,18,Yes,Govt.,Rural,Dropped
Crystal Daniels,Male,16,Yes,Govt.,Rural,Graduated
Melissa Crane,Male,30,No,Private,Rural,Graduated
Shelia Stokes,Male,13,No,Govt.,Rural,Enrolled
Monique Rodgers,Male,16,Yes,Private,Urban,Dropped
Mark Barr,Female,21,No,Private,Urban,Graduated
Mike Vaughn,Female,19,No,Private,Rural,Graduated
Linda Schneider,Male,15,No,Private,Urban,Graduated
Kevin Johnston,Male,22,No,Govt.,Rural,Enrolled
Richard Hamilton,Female,19,No,Private,Urban,Dropped
Jennifer Bates,Male,14,No,Private,Rural,Dropped
Kyle Colon,Female,26,No,Govt.,Urban,Graduated
David Raymond,Male,27,No,Govt.,Rural,Graduated
Jordan Knox,Female,30,Yes,Govt.,Urban,Enrolled
Cathy Cook,Male,17,No,Govt.,Rural,Graduated
Joshua Rivas,Male,27,Yes,Govt.,Urban,Enrolled
Brenda Lewis DVM,Male,27,Yes,Private,Rural,Graduated
Ellen Buck,Female,23,Yes,Govt.,Urban,Dropped
Dawn Snyder,Male,27,No,Private,Rural,Dropped
Whitney Morton,Male,14,Yes,Private,Rural,Enrolled
Charles Lyons,Male,26,Yes,Private,Urban,Dropped
Nicole Nelson,Female,25,No,Private,Urban,Enrolled
Susan Maldonado,Female,20,No,Private,Urban,Enrolled
Clinton Johnson,Female,13,No,Private,Urban,Dropped
Brian Powell,Male,22,No,Private,Urban,Dropped
Natalie Potts,Male,18,Yes,Govt.,Urban,Graduated
Allison Green,Male,30,Yes,Private,Urban,Dropped
Seth Smith,Female,13,No,Govt.,Urban,Enrolled
Mitchell Alexander,Male,20,Yes,Private,Urban,Enrolled
Andrew Taylor,Female,26,Yes,Private,Rural,Enrolled
Dustin Perkins MD,Male,13,No,Private,Urban,Enrolled
Trevor Blackburn,Male,24,No,Govt.,Urban,Graduated
Emily Scott,Female,27,No,Govt.,Urban,Dropped
Timothy Carroll,Male,27,No,Private,Urban,Enrolled
Kimberly Munoz,Male,27,Yes,Govt.,Rural,Dropped
Elizabeth Holmes,Female,21,No,Govt.,Urban,Enrolled
Lisa Pierce,Male,25,Yes,Private,Urban,Graduated
Julie Morales,Female,14,Yes,Govt.,Rural,Graduated
Jeffery Burgess,Female,13,No,Govt.,Rural,Graduated
Kari Luna,Male,22,No,Govt.,Urban,Dropped
Calvin Nguyen,Female,12,No,Govt.,Rural,Enrolled
Thomas Henderson,Male,29,Yes,Private,Urban,Graduated
Tiffany Sanders,Female,21,No,Govt.,Rural,Enrolled
Scott Turner,Female,27,No,Govt.,Rural,Enrolled
David Fox,Male,17,Yes,Govt.,Rural,Enrolled
Ashley Avery,Female,13,Yes,Private,Rural,Graduated
Miranda Gutierrez,Male,22,No,Private,Urban,Enrolled
Erik Washington,Female,26,No,Govt.,Urban,Enrolled
Shawn Roberts,Male,13,No,Private,Urban,Enrolled
Calvin Ward,Female,18,Yes,Govt.,Rural,Graduated
Zachary Taylor,Female,21,Yes,Private,Rural,Enrolled
Evan Santana,Female,20,No,Private,Urban,Graduated
Brooke Hill,Female,12,Yes,Private,Rural,Graduated
Amy Monroe,Female,24,Yes,Private,Urban,Dropped
Jose Wallace,Female,17,Yes,Govt.,Rural,Enrolled
Gina Haas,Male,15,No,Private,Rural,Enrolled
Christopher Brooks,Female,17,Yes,Private,Rural,Dropped
Andrea Watson,Female,27,Yes,Govt.,Urban,Dropped
Christopher Thompson,Male,22,No,Private,Urban,Graduated
Adriana Wilson,Male,14,Yes,Private,Rural,Dropped
Erika Vasquez,Male,30,No,Govt.,Urban,Graduated
Nicholas Murphy,Female,26,Yes,Govt.,Urban,Graduated
Richard Collins,Male,18,Yes,Private,Rural,Dropped
Susan Smith,Female,23,Yes,Private,Rural,Dropped
Ryan Allen,Male,15,Yes,Govt.,Urban,Enrolled
Jennifer Miller,Female,16,No,Private,Rural,Graduated
Anthony Martinez,Male,15,Yes,Govt.,Urban,Graduated
Stacey Rodriguez,Male,29,No,Private,Rural,Graduated
Leslie Rodriguez,Female,29,No,Govt.,Urban,Dropped
Heather Yang,Male,18,No,Private,Rural,Graduated
Kimberly Nelson DVM,Male,17,Yes,Private,Rural,Enrolled
Michelle Porter,Female,25,No,Private,Rural,Enrolled
Kevin West,Male,27,No,Private,Rural,Graduated
Candace Patrick,Male,14,No,Govt.,Urban,Dropped
Michael Mora,Male,19,No,Private,Rural,Dropped
Mark Evans,Female,20,No,Private,Rural,Dropped
Richard Hamilton,Female,21,No,Private,Urban,Graduated
Sharon Smith,Male,28,No,Govt.,Urban,Dropped
Valerie Lopez,Female,12,No,Private,Urban,Dropped
Kelly Mcgrath,Male,29,No,Govt.,Urban,Dropped
Mckenzie Becker,Male,29,Yes,Private,Rural,Dropped
Maureen Bennett,Male,20,Yes,Private,Urban,Enrolled
Becky Aguilar,Female,14,Yes,Private,Rural,Enrolled
Emily Wilcox,Female,14,Yes,Private,Rural,Dropped
Johnny Randolph,Female,25,No,Private,Rural,Dropped
Brittany Turner MD,Male,16,Yes,Govt.,Rural,Graduated
Crystal Anderson,Female,21,Yes,Private,Rural,Enrolled
Bradley Mullins,Male,30,Yes,Private,Urban,Dropped
Michael Phillips,Male,19,No,Govt.,Urban,Graduated
David Powell,Male,25,Yes,Govt.,Rural,Dropped
Sarah Gonzalez,Female,27,No,Govt.,Rural,Graduated
Tanner Snow,Male,18,No,Govt.,Urban,Graduated
Jonathan Castillo,Female,15,No,Govt.,Rural,Graduated
Joseph Williams,Female,20,Yes,Private,Urban,Dropped
Luis Barber,Male,29,No,Private,Urban,Enrolled
Stephanie Harris,Female,12,Yes,Private,Urban,Enrolled
Francis Pierce,Female,16,No,Govt.,Urban,Enrolled
Alyssa Hardin,Male,23,Yes,Private,Rural,Graduated
Courtney West,Male,14,Yes,Private,Urban,Dropped
William Austin,Female,13,No,Private,Rural,Dropped
Courtney Patterson,Female,21,Yes,Private,Urban,Dropped
Tracy Larson,Female,28,No,Private,Rural,Dropped
Lori Lynch,Male,16,No,Private,Urban,Graduated
Robert Hawkins,Male,22,Yes,Govt.,Urban,Dropped
Alexandra Anthony,Female,15,No,Private,Urban,Enrolled
Daniel Guerrero,Male,19,No,Private,Rural,Dropped
Rhonda Bishop,Female,29,No,Private,Urban,Dropped
Jennifer Hill,Female,17,No,Private,Rural,Enrolled
Paige Santos,Male,21,Yes,Govt.,Rural,Dropped
Eric Bailey,Male,20,No,Govt.,Urban,Dropped
Matthew Santiago,Male,30,Yes,Govt.,Urban,Enrolled
Laura Robinson,Male,13,Yes,Private,Rural,Dropped
Karen Smith,Male,16,No,Govt.,Rural,Graduated
Nicole Choi,Male,18,No,Private,Urban,Enrolled
Courtney Brown,Female,21,Yes,Govt.,Urban,Graduated
Melanie Rogers,Male,24,No,Private,Urban,Enrolled
Margaret Spencer,Male,18,No,Private,Urban,Enrolled
Andrew Lynch,Male,19,No,Govt.,Urban,Enrolled
Joseph Brown,Female,22,Yes,Private,Rural,Enrolled
Timothy Diaz,Female,24,No,Govt.,Urban,Dropped
Dr. Michael Gardner PhD,Female,29,No,Private,Urban,Enrolled
Lauren Lloyd,Male,27,Yes,Govt.,Rural,Graduated
Isaac Mckinney DDS,Male,21,Yes,Govt.,Rural,Dropped
Jennifer Rodriguez,Male,15,No,Private,Urban,Dropped
Matthew Mathis,Female,22,Yes,Govt.,Rural,Dropped
Christina Mcguire,Female,18,Yes,Govt.,Urban,Graduated
Seth Wilcox,Female,17,Yes,Govt.,Urban,Enrolled
Jason Brown,Male,23,Yes,Private,Urban,Dropped
Jessica Jones,Male,25,Yes,Private,Rural,Graduated
Mark Robertson,Female,17,No,Govt.,Urban,Dropped
Whitney Rose,Male,13,No,Private,Urban,Dropped
Leon Freeman,Male,14,Yes,Govt.,Rural,Graduated
Jason Scott,Female,27,Yes,Private,Rural,Dropped
Paul Leblanc,Male,20,No,Govt.,Urban,Enrolled
Erica Johnson,Female,30,Yes,Govt.,Rural,Enrolled
Jennifer Sheppard,Female,23,Yes,Private,Rural,Graduated
Laura Carter,Female,12,Yes,Private,Urban,Graduated
Diana Morris,Male,26,No,Govt.,Urban,Enrolled
Glenn Burns,Male,26,Yes,Private,Rural,Dropped
Keith Hayes,Male,23,Yes,Govt.,Rural,Graduated
Taylor Joseph,Male,16,Yes,Govt.,Urban,Graduated
Leslie Huynh,Female,30,Yes,Govt.,Urban,Enrolled
Michael Beasley,Female,22,No,Govt.,Rural,Graduated
Maria Gonzales,Female,26,No,Govt.,Urban,Enrolled
Carl Crawford,Female,27,Yes,Private,Urban,Dropped
Derek Gray,Female,23,Yes,Govt.,Rural,Dropped
Ian Webb,Female,24,No,Govt.,Urban,Graduated
Glenn Jones,Male,17,No,Private,Rural,Graduated
Carla Mcdaniel,Male,24,No,Govt.,Rural,Graduated
Tiffany Harris,Male,24,No,Private,Urban,Enrolled
Carrie Craig,Female,28,No,Private,Urban,Enrolled
Sharon Sellers,Female,25,No,Private,Rural,Dropped
Ashley Lindsey,Male,29,No,Private,Rural,Graduated
Victoria Shah,Female,21,Yes,Govt.,Urban,Dropped
Anthony Sanchez,Female,20,No,Private,Urban,Dropped
Pamela Harris,Male,16,Yes,Private,Rural,Graduated
Brenda Black,Female,22,Yes,Govt.,Urban,Dropped
Mark Briggs,Male,30,Yes,Govt.,Rural,Enrolled
Alexis Rojas,Female,29,No,Govt.,Urban,Dropped
Felicia Moran,Male,19,No,Govt.,Rural,Graduated
Jeffrey Morrow,Female,21,No,Private,Urban,Graduated
Alejandro Thompson,Female,13,Yes,Private,Urban,Enrolled
Lori Taylor,Male,12,No,Govt.,Urban,Graduated
Cody Buckley,Male,25,Yes,Private,Rural,Dropped
John Wyatt,Male,20,Yes,Private,Rural,Enrolled
Kenneth Griffin,Female,13,Yes,Govt.,Urban,Dropped
Bryan Davidson,Male,26,Yes,Govt.,Rural,Dropped
Ralph Bruce,Female,19,No,Govt.,Urban,Graduated
Chad Acosta,Female,22,No,Govt.,Rural,Dropped
Richard Odonnell,Female,23,No,Govt.,Rural,Enrolled
Sarah Parker,Female,17,Yes,Govt.,Rural,Enrolled
Patrick Hill,Female,25,Yes,Private,Urban,Dropped
Tiffany Meyer,Male,15,No,Govt.,Urban,Enrolled
Kelli Suarez,Female,28,No,Private,Rural,Enrolled
Leslie Norman,Female,22,No,Private,Rural,Dropped
Ashley Reyes,Female,28,No,Govt.,Urban,Enrolled
Daniel Guerrero,Male,15,Yes,Govt.,Urban,Enrolled
Dominique Craig,Male,23,No,Private,Rural,Graduated
April Stone,Male,14,Yes,Govt.,Urban,Graduated
Kyle Schultz,Male,28,No,Govt.,Rural,Dropped
Kelly Willis,Female,29,Yes,Private,Rural,Graduated
Shane Bauer,Female,15,Yes,Private,Urban,Enrolled
Joseph Alexander,Male,16,Yes,Govt.,Rural,Dropped
Heather Marsh,Male,22,Yes,Govt.,Rural,Graduated
Margaret Freeman,Female,25,Yes,Govt.,Urban,Graduated
Michael Mitchell,Male,25,Yes,Private,Urban,Enrolled
Kendra Rodriguez,Female,25,No,Private,Urban,Dropped
Leah Berger,Male,13,Yes,Private,Urban,Graduated
Bonnie Ramirez,Male,25,Yes,Private,Rural,Dropped
William Livingston,Male,19,No,Govt.,Urban,Graduated
Jennifer Hammond,Female,29,Yes,Private,Rural,Dropped
Joseph Carson,Female,26,No,Private,Urban,Enrolled
Nicole Bishop,Male,30,Yes,Govt.,Urban,Dropped
Barry Thomas,Female,28,No,Private,Urban,Enrolled
Stephen Garner,Female,28,Yes,Private,Rural,Graduated
Michael Jackson,Male,20,No,Govt.,Rural,Enrolled
Shawn Franklin,Female,22,No,Govt.,Rural,Graduated
Katie Hughes,Male,19,No,Govt.,Urban,Enrolled
Natalie Wallace,Female,27,Yes,Govt.,Urban,Dropped
Erica Warren,Female,24,Yes,Govt.,Urban,Dropped
Ryan Sutton,Male,17,No,Private,Rural,Dropped
Joseph Smith,Female,13,No,Private,Urban,Enrolled
Sharon Barrera,Male,21,No,Private,Urban,Graduated
Michele Davidson,Male,14,No,Govt.,Urban,Enrolled
Mark Grant,Female,18,No,Govt.,Rural,Graduated
Daniel Stewart,Female,17,No,Govt.,Rural,Graduated
William Johnston,Female,12,Yes,Govt.,Urban,Graduated
James Wilson,Male,18,Yes,Govt.,Urban,Enrolled
David Ortiz,Male,18,No,Private,Rural,Dropped
Thomas Smith,Female,25,No,Govt.,Urban,Enrolled
Michael Henderson,Female,24,Yes,Private,Rural,Enrolled
Sean Sanchez,Female,15,No,Private,Rural,Graduated
Teresa Harmon,Male,15,No,Private,Rural,Graduated
Susan Smith,Male,25,No,Govt.,Urban,Enrolled
Michelle Cabrera,Male,23,Yes,Govt.,Rural,Graduated
Melissa Mitchell,Male,18,No,Private,Rural,Dropped
Nathan Conrad,Male,29,Yes,Private,Rural,Graduated
Teresa Williams,Male,28,No,Private,Urban,Dropped
Matthew Price,Male,12,Yes,Private,Urban,Graduated
Jake Hubbard,Female,14,No,Govt.,Rural,Graduated
Michelle Hunter,Male,24,No,Private,Urban,Enrolled
Jeffrey Gonzalez,Female,28,No,Private,Urban,Dropped
David Newton,Male,24,Yes,Private,Rural,Enrolled
Trevor Santana,Female,22,No,Private,Urban,Enrolled
Amber Davies,Female,30,No,Private,Rural,Dropped
Joe Hall,Male,17,No,Private,Rural,Enrolled
Jerry Morgan,Male,27,No,Private,Rural,Graduated
David Jones,Male,23,No,Govt.,Rural,Enrolled
Destiny Frazier,Female,16,No,Govt.,Rural,Dropped
Tiffany Smith,Male,17,No,Govt.,Urban,Dropped
Julia Charles,Male,18,Yes,Private,Urban,Enrolled
Daniel Johnson,Female,29,No,Private,Rural,Graduated
Stephanie Reynolds,Female,28,No,Private,Rural,Enrolled
Tanya Johnson,Male,28,No,Private,Rural,Enrolled
Michael Phelps,Female,26,Yes,Govt.,Rural,Graduated
Bradley Bryant,Female,20,No,Govt.,Urban,Graduated
Justin Woods,Female,15,Yes,Govt.,Rural,Dropped
Andrew Hawkins,Male,17,No,Govt.,Rural,Dropped
Katie Sandoval,Female,15,Yes,Private,Urban,Graduated
Valerie Grant,Female,15,Yes,Private,Urban,Enrolled
Ryan Payne,Male,29,No,Govt.,Rural,Dropped
Travis Garcia,Female,15,No,Govt.,Urban,Enrolled
Kimberly Parker,Male,18,Yes,Private,Urban,Graduated
Terry Atkins,Female,22,No,Private,Urban,Enrolled
Cynthia Turner,Male,21,No,Govt.,Rural,Enrolled
Hayden Parks,Male,12,Yes,Private,Urban,Dropped
Karen Bradley,Male,18,Yes,Private,Urban,Dropped
Philip Reid,Male,23,No,Govt.,Rural,Enrolled
Juan Riddle,Female,30,No,Private,Urban,Graduated
Melanie Atkins,Male,21,No,Private,Urban,Dropped
Anne Duncan,Female,26,No,Govt.,Urban,Enrolled
Shawn Garcia,Female,18,No,Private,Rural,Dropped
Brian Franklin,Female,25,Yes,Private,Rural,Enrolled
Todd Cook,Male,16,No,Govt.,Urban,Dropped
Deborah Knight,Male,28,No,Govt.,Urban,Dropped
Russell Jackson,Male,27,No,Govt.,Urban,Dropped
Dr. Colleen Chan,Female,13,No,Private,Urban,Enrolled
Maria Walker,Male,28,No,Private,Rural,Dropped
Jeanette Rivera,Female,29,No,Private,Rural,Graduated
Victor Floyd,Female,15,Yes,Private,Rural,Graduated
Jennifer Evans,Male,12,No,Govt.,Urban,Graduated
Seth Warren,Female,30,Yes,Private,Rural,Graduated
Nancy Hale,Male,14,Yes,Private,Rural,Dropped
Bethany Franklin,Female,17,Yes,Private,Rural,Graduated
Mr. Brett Schultz,Female,15,No,Govt.,Rural,Graduated
Ellen Patterson,Male,12,Yes,Govt.,Rural,Enrolled
Matthew Gentry,Male,25,Yes,Govt.,Urban,Enrolled
Jeremy Morris,Female,14,No,Govt.,Urban,Enrolled
Leon Nichols,Female,22,Yes,Private,Rural,Graduated
Dana Schwartz,Male,26,No,Private,Rural,Graduated
Michael Jones,Male,14,Yes,Govt.,Urban,Graduated
Scott Lyons DDS,Female,28,No,Private,Rural,Graduated
Brittney Terry,Male,26,No,Private,Urban,Dropped
Rebecca Murray,Female,30,No,Private,Rural,Enrolled
Margaret Camacho,Male,28,Yes,Private,Urban,Enrolled
David Mitchell,Female,23,Yes,Private,Urban,Graduated
Marvin Carter,Male,26,No,Govt.,Rural,Graduated
Richard Allen,Male,22,Yes,Private,Rural,Graduated
Lori Cole,Male,19,No,Private,Urban,Enrolled
Jeffrey Patterson,Male,25,Yes,Govt.,Urban,Dropped
Marc Stone,Male,21,Yes,Private,Urban,Graduated
John Davis,Male,19,Yes,Govt.,Rural,Dropped
Rose Miller,Male,12,No,Govt.,Rural,Graduated
Patricia Peterson,Male,15,Yes,Private,Rural,Dropped
Jenna Wilson,Male,29,Yes,Private,Urban,Enrolled
Barbara Becker,Female,21,No,Govt.,Rural,Enrolled
Deborah Rodriguez,Female,28,No,Govt.,Rural,Enrolled
Lydia Coleman,Female,25,No,Govt.,Rural,Dropped
Kevin Benson,Female,19,No,Govt.,Rural,Graduated
Amanda Campos,Female,20,No,Private,Rural,Enrolled
Nicole Meyer,Female,17,No,Govt.,Urban,Graduated
Amanda Foster,Female,21,No,Govt.,Rural,Dropped
Dr. William Lynn,Female,26,No,Private,Rural,Enrolled
Samantha Rice,Male,23,Yes,Govt.,Urban,Enrolled
Jennifer Ramsey,Male,13,Yes,Private,Urban,Graduated
Catherine Green,Female,18,Yes,Private,Urban,Dropped
Andrea Ochoa,Female,14,No,Private,Rural,Graduated
Michael Benton,Male,26,No,Private,Rural,Enrolled
James Potter,Female,26,Yes,Private,Rural,Enrolled
Deborah Wright,Female,29,Yes,Govt.,Urban,Dropped
Samuel Drake,Female,13,No,Private,Urban,Enrolled
Hayley Contreras,Female,18,No,Govt.,Urban,Dropped
Terri Morris,Male,19,No,Govt.,Urban,Enrolled
Marc Bryant,Female,18,No,Govt.,Rural,Graduated
Tammy King,Male,18,Yes,Private,Urban,Graduated
Jared Shea,Male,26,No,Private,Urban,Dropped
Tommy Henry,Male,30,Yes,Private,Rural,Dropped
Joseph Hernandez,Female,29,Yes,Govt.,Rural,Enrolled
Ashley Petty,Male,16,Yes,Govt.,Urban,Graduated
Carrie Gonzales,Male,25,Yes,Private,Rural,Enrolled
Theresa Mcmahon,Female,28,No,Govt.,Rural,Enrolled
Nichole Gonzales,Male,24,Yes,Private,Rural,Dropped
Robert Ford,Male,16,Yes,Private,Urban,Graduated
George Padilla,Male,23,No,Govt.,Urban,Enrolled
Douglas Wilson,Female,26,Yes,Govt.,Rural,Graduated
Joseph Robertson,Female,14,Yes,Govt.,Rural,Enrolled
Ronald Ray,Female,24,Yes,Private,Rural,Dropped
Amber Powers,Female,28,No,Govt.,Urban,Enrolled
Felicia David,Female,29,Yes,Govt.,Urban,Graduated
Reginald Hill,Female,17,No,Govt.,Rural,Enrolled
Samantha Walker,Female,15,Yes,Private,Urban,Dropped
Katherine Dunn,Male,12,Yes,Govt.,Rural,Enrolled
Joseph Scott,Male,16,No,Govt.,Urban,Graduated
Dale Clarke,Female,24,No,Private,Rural,Dropped
Mark Hayes,Male,30,No,Private,Urban,Graduated
Meghan Tran,Female,16,No,Private,Urban,Dropped
Edward Phillips,Female,17,Yes,Private,Rural,Dropped
Tracy Sanchez,Male,21,No,Govt.,Urban,Dropped
Leslie Hayden,Female,18,Yes,Private,Urban,Graduated
Julie Ward,Male,15,Yes,Private,Urban,Enrolled
Aaron Collins,Male,28,Yes,Private,Rural,Enrolled
Jacob Foster,Male,14,Yes,Govt.,Urban,Enrolled
Derrick Guzman,Male,29,Yes,Private,Rural,Dropped
Alexa Taylor,Female,18,No,Govt.,Urban,Enrolled
Mary Gonzalez,Male,18,Yes,Private,Rural,Graduated
Melissa Maxwell,Male,23,No,Private,Urban,Dropped
Ernest Curtis,Female,28,No,Private,Urban,Enrolled
Carolyn Martinez,Male,13,Yes,Govt.,Urban,Enrolled
Leslie Glass,Male,13,Yes,Govt.,Rural,Enrolled
Debra Romero,Female,13,No,Private,Urban,Dropped
Carol Simon,Female,14,Yes,Govt.,Urban,Dropped
Jorge Sanchez,Female,18,No,Govt.,Urban,Graduated
Daniel Scott,Male,18,No,Govt.,Rural,Graduated
James Mcgrath,Male,29,No,Govt.,Urban,Dropped
Tiffany Rojas,Male,12,No,Govt.,Rural,Enrolled
David Johnson,Male,12,No,Govt.,Rural,Enrolled
Eddie Anderson,Male,27,No,Private,Rural,Enrolled
Steven Carpenter,Male,28,Yes,Govt.,Rural,Dropped
Kimberly Larsen,Male,30,Yes,Govt.,Rural,Dropped
Miguel Weaver,Male,18,Yes,Govt.,Urban,Enrolled
Anna Bradshaw MD,Male,18,Yes,Private,Urban,Enrolled
Tiffany Walker,Male,16,Yes,Private,Urban,Dropped
Jacob Ford,Female,14,No,Govt.,Urban,Graduated
Jo Hall,Male,21,No,Private,Rural,Enrolled
Julie Castillo,Male,15,No,Govt.,Rural,Enrolled
Regina Reeves,Female,26,No,Private,Rural,Dropped
Marcus Valdez,Male,28,Yes,Govt.,Urban,Graduated
Amanda Hoffman,Female,24,No,Private,Urban,Dropped
Kevin White,Female,25,Yes,Private,Urban,Dropped
Anna Frank,Female,30,No,Govt.,Rural,Graduated
Robert Johnson,Male,16,No,Private,Rural,Graduated
Richard Oliver,Male,15,No,Private,Rural,Enrolled
Brent Wood,Female,25,No,Govt.,Rural,Dropped
Hunter Howe,Female,14,No,Private,Rural,Graduated
William Garcia,Male,13,Yes,Private,Urban,Graduated
Brittany Ruiz,Male,14,No,Private,Rural,Enrolled
Todd Young MD,Male,22,No,Govt.,Rural,Dropped
Cheryl Baker,Female,15,Yes,Private,Rural,Enrolled
Ian Compton,Female,20,No,Private,Rural,Dropped
Laura Gonzales,Male,14,Yes,Govt.,Urban,Enrolled
Tracy Webb,Female,24,No,Govt.,Urban,Dropped
Alison Hogan,Female,21,No,Govt.,Urban,Enrolled
Katie Moore,Male,27,No,Private,Rural,Dropped
Richard Marshall,Male,27,No,Private,Urban,Dropped
James Hardin,Male,15,Yes,Private,Rural,Enrolled
Mark Brown,Female,17,No,Private,Urban,Graduated
Kristina Wright,Female,24,Yes,Private,Urban,Dropped
Barry Huynh,Female,17,Yes,Govt.,Urban,Graduated
Scott Evans,Male,16,No,Private,Urban,Dropped
Joel Harris,Male,29,Yes,Private,Urban,Enrolled
Christina Jordan,Female,25,No,Govt.,Urban,Graduated
Nicholas Webster,Male,25,No,Govt.,Urban,Enrolled
Joseph Parker,Male,22,Yes,Govt.,Rural,Enrolled
Margaret Mendoza,Male,28,Yes,Govt.,Urban,Graduated
Joshua Brown,Male,27,Yes,Govt.,Rural,Dropped
Anthony Stafford,Female,23,No,Govt.,Urban,Dropped
Alexandria Williams,Female,25,No,Govt.,Urban,Graduated
Willie Myers,Male,14,Yes,Private,Rural,Enrolled
Chelsea Reyes,Female,17,No,Private,Rural,Graduated
Kelly Hernandez,Male,27,Yes,Private,Rural,Graduated
Jay Hernandez,Female,16,Yes,Govt.,Urban,Dropped
Michael Leonard,Female,18,Yes,Govt.,Rural,Dropped
Alexis Jenkins,Female,30,No,Govt.,Rural,Enrolled
Kenneth Sosa DDS,Male,14,No,Private,Rural,Enrolled
Justin Brooks,Female,21,No,Private,Rural,Enrolled
Robert Carter,Female,19,No,Govt.,Urban,Enrolled
Amber Brown,Male,20,No,Govt.,Rural,Graduated
Michael Day,Female,29,No,Govt.,Urban,Enrolled
Henry Hayes,Female,29,Yes,Govt.,Rural,Graduated
Wesley Ellis,Female,19,Yes,Private,Urban,Dropped
Carlos Carpenter,Male,27,Yes,Private,Rural,Graduated
Randy Taylor,Male,18,No,Govt.,Urban,Graduated
Brenda Perez,Male,24,Yes,Govt.,Rural,Dropped
Nancy Johnson,Male,18,No,Private,Urban,Enrolled
David Reyes,Female,12,No,Govt.,Urban,Dropped
Teresa Avery,Male,25,No,Govt.,Rural,Dropped
Lisa King,Male,28,Yes,Govt.,Urban,Graduated
Timothy Jenkins,Male,29,Yes,Private,Urban,Dropped
Lisa Casey,Male,23,Yes,Govt.,Rural,Graduated
Jeffrey Braun,Male,17,No,Govt.,Rural,Enrolled
Danielle Davis,Male,27,Yes,Private,Urban,Graduated
Cynthia Norton,Female,28,No,Private,Urban,Graduated
Kathryn Vaughan,Female,17,Yes,Govt.,Rural,Enrolled
William Moses,Male,18,No,Govt.,Urban,Graduated
Jessica Martinez,Male,18,No,Govt.,Rural,Graduated
Kara Jackson,Female,16,Yes,Private,Rural,Enrolled
Cynthia Moreno,Female,20,Yes,Private,Urban,Graduated
Brandi Barrett,Female,14,No,Govt.,Rural,Enrolled
Jennifer Price,Male,21,Yes,Private,Rural,Graduated
Anna Caldwell,Female,16,No,Private,Rural,Enrolled
Samantha Richardson,Female,27,No,Govt.,Rural,Graduated
Michael Walker,Female,30,No,Govt.,Urban,Enrolled
Theresa Miller,Female,25,No,Govt.,Urban,Dropped
Michelle Copeland,Female,30,Yes,Private,Rural,Enrolled
Samantha Mccall,Female,16,No,Govt.,Urban,Enrolled
Cynthia Johnson,Female,30,Yes,Private,Urban,Dropped
William Riggs,Female,20,Yes,Govt.,Rural,Graduated
Holly Phillips,Male,23,Yes,Govt.,Rural,Enrolled
Melissa Bryan,Female,23,Yes,Govt.,Urban,Dropped
Kelly Lee,Female,22,No,Private,Urban,Graduated
Kyle Anderson,Male,21,No,Govt.,Urban,Enrolled
Brenda Burns,Male,15,Yes,Govt.,Urban,Dropped
Stephanie Frazier,Male,12,Yes,Govt.,Rural,Enrolled
April Escobar,Male,23,No,Private,Urban,Enrolled
Margaret Hall,Female,25,No,Private,Rural,Graduated
Mark Wilson,Male,21,Yes,Private,Urban,Graduated
Patrick Thomas,Female,20,Yes,Govt.,Urban,Dropped
Robert Reynolds,Female,24,Yes,Private,Rural,Enrolled
Karen Nelson,Male,16,Yes,Private,Urban,Dropped
Connor Case,Female,13,Yes,Govt.,Urban,Graduated
Vanessa Cooper,Female,15,No,Private,Rural,Enrolled
Matthew Fletcher,Female,13,Yes,Govt.,Urban,Dropped
Ronald Simon,Male,28,Yes,Private,Urban,Dropped
Michael Hughes,Female,15,Yes,Private,Urban,Enrolled
Gregory Salazar,Male,17,Yes,Govt.,Urban,Enrolled
Shannon Matthews DDS,Male,12,Yes,Private,Urban,Enrolled
Heather Thomas,Male,22,Yes,Govt.,Rural,Graduated
Malik Little,Female,12,Yes,Private,Rural,Enrolled
Robert Ellis,Female,14,No,Govt.,Urban,Graduated
Dawn Ryan,Male,26,Yes,Private,Urban,Dropped
Susan Weaver,Female,21,Yes,Private,Rural,Enrolled
Angela Esparza,Male,15,No,Private,Rural,Dropped
Darrell Davis,Male,25,No,Govt.,Urban,Graduated
Elizabeth Perez,Male,20,Yes,Govt.,Urban,Dropped
Christopher Smith,Female,21,Yes,Govt.,Urban,Enrolled
Lisa Bowman,Female,12,No,Private,Urban,Graduated
Brian Warren,Male,13,No,Govt.,Urban,Enrolled
Andrea Smith,Male,15,No,Private,Urban,Dropped
Paul Sparks,Male,23,Yes,Private,Rural,Dropped
Joseph Hayden,Female,19,No,Govt.,Urban,Dropped
Adrian Schultz,Male,22,No,Private,Rural,Dropped
Mark Clark,Male,13,No,Govt.,Urban,Graduated
Michael Garrison Jr.,Male,12,Yes,Govt.,Rural,Dropped
Christopher Pennington,Male,29,Yes,Govt.,Urban,Dropped
Taylor Banks,Male,25,No,Private,Urban,Dropped
Joseph Martin,Female,24,Yes,Private,Urban,Dropped
Mark Dunlap,Male,15,No,Govt.,Urban,Dropped
Amy Smith,Female,15,Yes,Private,Urban,Graduated
Rebecca Berry,Female,30,No,Govt.,Rural,Dropped
Julie Rivera,Female,27,No,Govt.,Rural,Enrolled
Debra Ward,Male,27,No,Govt.,Rural,Graduated
Anthony Fletcher,Male,26,Yes,Private,Urban,Enrolled
Bruce Mata,Male,23,Yes,Private,Rural,Dropped
Justin Norman,Male,18,Yes,Private,Rural,Graduated
Cameron Wells,Male,26,Yes,Govt.,Urban,Dropped
Jessica Clarke,Male,25,No,Private,Urban,Dropped
Christopher Camacho,Male,30,Yes,Private,Urban,Enrolled
Lisa Ramos,Male,27,No,Govt.,Rural,Graduated
Rachel Smith,Female,28,No,Private,Urban,Graduated
William Nash,Male,16,No,Govt.,Urban,Dropped
Jill Rubio,Male,14,Yes,Govt.,Urban,Dropped
Steven Wiggins,Female,17,No,Private,Rural,Dropped
Theresa Smith,Female,19,Yes,Private,Urban,Graduated
Cynthia Becker,Male,26,No,Private,Urban,Dropped
Christopher Romero,Female,29,No,Private,Urban,Enrolled
Jessica Davis,Male,26,No,Private,Urban,Graduated
Barbara Johns,Female,20,Yes,Private,Rural,Graduated
Lisa Harper,Female,28,Yes,Private,Rural,Dropped
Virginia Barrera,Male,17,No,Private,Urban,Dropped
Sandra Whitney,Female,18,Yes,Private,Rural,Graduated
Robert Wright,Female,14,Yes,Private,Rural,Enrolled
Marvin Alvarado,Female,24,No,Govt.,Urban,Graduated
Catherine Hodges,Female,20,Yes,Govt.,Rural,Graduated
Jeffrey Dunn,Male,16,Yes,Govt.,Rural,Graduated
Julie Roberson,Female,29,Yes,Govt.,Rural,Graduated
Andrea Watkins,Female,17,Yes,Govt.,Urban,Dropped
Miranda Hansen,Female,21,No,Private,Rural,Enrolled
Donna Knapp,Male,12,No,Govt.,Urban,Enrolled
Kenneth Chen,Female,23,No,Private,Rural,Dropped
Jennifer Jackson,Male,23,Yes,Govt.,Rural,Dropped
Chelsea Evans,Female,22,No,Private,Urban,Graduated
Gregory Lopez,Female,28,Yes,Private,Rural,Dropped
Jamie Elliott,Male,24,No,Private,Urban,Graduated
Sarah Torres,Male,18,Yes,Govt.,Urban,Graduated
Sandra Malone,Female,12,No,Private,Rural,Graduated
Gina Wilson,Female,23,No,Govt.,Urban,Graduated
Nathan Smith,Female,12,Yes,Govt.,Rural,Enrolled
Heather Miller,Female,23,No,Govt.,Rural,Enrolled
Lori Jackson,Male,30,Yes,Govt.,Rural,Enrolled
Eric Berry,Female,28,No,Private,Urban,Graduated
Laurie Coffey,Female,21,Yes,Govt.,Urban,Graduated
Glenn Scott,Female,26,Yes,Govt.,Urban,Enrolled
Jennifer Fuentes,Female,24,No,Govt.,Urban,Enrolled
Robin Watson,Female,16,No,Private,Urban,Enrolled
Allison Elliott,Female,28,Yes,Private,Rural,Graduated
Melissa Ballard,Female,15,No,Govt.,Urban,Enrolled
Samantha Blair,Male,15,Yes,Private,Urban,Graduated
Luis Bell,Male,17,Yes,Govt.,Rural,Graduated
Emily Mendoza,Female,13,Yes,Govt.,Urban,Graduated
Ashley Mitchell,Male,27,Yes,Private,Urban,Graduated
Michael Harris,Male,16,Yes,Govt.,Urban,Dropped
Sandra Pratt,Male,29,Yes,Private,Urban,Enrolled
Jose Davis,Female,30,No,Private,Urban,Enrolled
Meghan Brown,Male,18,No,Govt.,Urban,Dropped
Chris White,Male,25,No,Govt.,Rural,Graduated
Erin Cole,Female,28,No,Private,Rural,Enrolled
Wendy Mcgee,Female,13,No,Private,Urban,Graduated
Jeffrey Mitchell,Male,12,Yes,Govt.,Urban,Graduated
Ryan Day,Female,28,No,Private,Urban,Enrolled
Carol Mata,Male,25,No,Private,Rural,Graduated
Sarah Knight,Male,16,No,Govt.,Rural,Dropped
Douglas Grant,Male,22,Yes,Govt.,Urban,Enrolled
William Bell,Female,16,Yes,Private,Urban,Graduated
Ryan Scott,Female,24,No,Govt.,Rural,Enrolled
Tanya Berger,Female,18,No,Govt.,Rural,Enrolled
Patty Mills,Female,22,Yes,Private,Rural,Enrolled
William Boyle,Female,12,No,Govt.,Rural,Enrolled
Gary Walker,Female,17,No,Private,Rural,Graduated
Brian Wright,Female,20,Yes,Govt.,Rural,Graduated
Tanner Cobb,Female,28,Yes,Private,Rural,Enrolled
Ryan Martinez,Male,28,Yes,Private,Urban,Dropped
Kevin Mejia,Female,29,Yes,Govt.,Urban,Graduated
Joshua Sanders,Male,28,No,Private,Urban,Enrolled
Anna Johnson,Male,23,Yes,Govt.,Rural,Enrolled
Erika Richards,Male,28,Yes,Private,Urban,Dropped
Teresa Soto,Female,27,No,Govt.,Rural,Graduated
Misty Liu,Female,15,Yes,Govt.,Urban,Enrolled
Michael Clark,Female,21,No,Private,Urban,Graduated
Brian Greene,Female,15,Yes,Govt.,Rural,Graduated
David Harrison,Male,28,No,Private,Rural,Graduated
Ann Moore,Male,13,Yes,Private,Urban,Graduated
Judith Lucas,Male,21,No,Govt.,Urban,Graduated
Caroline Valencia,Male,25,No,Govt.,Rural,Enrolled
Michael Bailey,Male,21,Yes,Govt.,Urban,Graduated
Joseph Contreras,Female,19,Yes,Private,Urban,Enrolled
Cody Castaneda,Male,18,Yes,Private,Rural,Dropped
Anna Smith,Male,16,Yes,Private,Rural,Graduated
Jeffrey Davis,Male,16,No,Govt.,Urban,Dropped
Jonathan Watson,Female,18,Yes,Govt.,Urban,Enrolled
Kathryn Vasquez,Male,23,No,Govt.,Urban,Enrolled
Casey Martinez,Male,25,No,Private,Urban,Graduated
Jacob Williams,Male,21,Yes,Govt.,Rural,Graduated
Rebecca Sharp,Male,21,No,Govt.,Rural,Dropped
Jeffrey Knox,Female,23,Yes,Private,Rural,Dropped
Benjamin Jones,Male,13,Yes,Private,Rural,Graduated
Chad Nguyen,Male,21,Yes,Private,Rural,Dropped
Anthony Ramirez,Male,23,No,Govt.,Rural,Enrolled
Joshua Flores,Female,24,Yes,Govt.,Rural,Graduated
Jason Sherman,Female,12,No,Govt.,Urban,Dropped
Patricia Garcia,Female,23,Yes,Private,Rural,Graduated
Amber Ray,Female,21,Yes,Private,Urban,Graduated
Amanda Rose,Female,21,No,Govt.,Urban,Dropped
Dr. Ernest Nash,Female,20,Yes,Private,Rural,Graduated
Carlos Murphy,Male,24,No,Private,Urban,Enrolled
Richard Gonzalez,Female,18,No,Private,Urban,Graduated
Jack Thomas,Male,14,Yes,Govt.,Urban,Graduated
Jessica Hayes,Male,14,Yes,Private,Rural,Dropped
Amy Cortez,Female,30,No,Govt.,Urban,Dropped
Sara Burke,Male,16,No,Govt.,Rural,Dropped
Tammy Palmer,Male,15,Yes,Private,Urban,Graduated
Lindsay Robinson,Female,25,Yes,Private,Urban,Dropped
Brent Martinez,Male,14,No,Private,Rural,Enrolled
David Jackson,Male,23,No,Govt.,Rural,Graduated
Joshua Thomas,Female,24,Yes,Private,Rural,Dropped
Anna Mcmahon,Female,16,No,Govt.,Rural,Enrolled
Colleen Rose,Male,16,Yes,Private,Rural,Enrolled
Madeline Cannon,Female,15,No,Govt.,Rural,Dropped
Elizabeth Wilson,Female,25,Yes,Govt.,Rural,Dropped
Alex Houston,Female,25,No,Govt.,Rural,Enrolled
James Perkins,Male,29,Yes,Private,Urban,Dropped
Natasha Hill,Male,17,No,Govt.,Rural,Dropped
Jason Reid,Male,27,Yes,Private,Rural,Enrolled
Susan Bradley PhD,Female,20,No,Private,Rural,Graduated
Crystal Hudson,Female,30,Yes,Private,Urban,Enrolled
Jorge Chang,Male,17,No,Govt.,Urban,Graduated
Anthony Johnson,Female,21,No,Private,Rural,Enrolled
Brent Fitzgerald,Female,29,Yes,Govt.,Urban,Graduated
Melissa Lewis,Male,22,Yes,Private,Urban,Graduated
Jacob Santos,Female,25,Yes,Private,Urban,Dropped
Jill Hale,Female,14,No,Private,Rural,Dropped
Maria Vega,Female,17,No,Govt.,Urban,Graduated
Alexis Miller MD,Female,22,Yes,Govt.,Urban,Graduated
Michael Morris,Male,18,No,Private,Rural,Enrolled
Ruth Adams,Female,15,No,Govt.,Urban,Dropped
Suzanne Meyer,Male,28,Yes,Private,Rural,Dropped
John Mills,Female,15,No,Private,Urban,Enrolled
Lindsey Delgado,Female,19,Yes,Govt.,Rural,Enrolled
Kelli Garcia,Female,13,Yes,Private,Urban,Graduated
Jessica Goodman,Male,12,No,Private,Urban,Graduated
Michael Wyatt,Male,13,Yes,Private,Urban,Dropped
Richard Simmons,Male,19,No,Govt.,Urban,Enrolled
Shari Rios DVM,Male,30,Yes,Private,Rural,Enrolled
Alicia Osborne,Male,21,No,Private,Rural,Enrolled
Sarah Watts,Female,26,Yes,Private,Urban,Dropped
Teresa Houston,Female,25,Yes,Govt.,Rural,Graduated
Tyler Hall,Male,15,Yes,Private,Urban,Dropped
Stephen Henry,Female,28,No,Private,Urban,Dropped
Daniel Flores,Male,24,No,Govt.,Rural,Enrolled
Madison Burnett,Male,23,Yes,Private,Urban,Graduated
David Harris,Male,26,No,Govt.,Urban,Graduated
Tina Garza,Female,21,Yes,Govt.,Rural,Dropped
John Ruiz Jr.,Male,25,No,Private,Rural,Graduated
Randy Preston,Male,20,No,Private,Urban,Graduated
Carrie Lyons,Female,23,No,Private,Rural,Graduated
Jesse Pruitt,Male,18,No,Private,Rural,Graduated
John Monroe,Male,14,No,Private,Rural,Enrolled
Kenneth Flores,Female,30,Yes,Govt.,Rural,Enrolled
Lauren Smith,Female,24,Yes,Private,Rural,Graduated
Susan Spencer,Male,26,No,Private,Urban,Dropped
Margaret Owen,Male,16,No,Govt.,Rural,Dropped
Sandra Hernandez,Male,18,Yes,Govt.,Urban,Graduated
Jessica Woods,Male,12,No,Govt.,Rural,Graduated
Kyle Hall,Male,13,Yes,Private,Rural,Enrolled
Elizabeth Howard,Male,30,Yes,Private,Urban,Graduated
Kenneth Ford,Female,25,No,Private,Rural,Dropped
James Willis,Female,29,Yes,Private,Urban,Dropped
Mark Hunter,Male,12,No,Private,Urban,Graduated
Victoria Cardenas,Male,24,Yes,Private,Urban,Graduated
Michelle Carrillo,Male,25,No,Private,Rural,Enrolled
Jennifer Hoover,Female,18,Yes,Govt.,Urban,Dropped
Laura Bullock,Female,22,No,Govt.,Urban,Enrolled
Sharon Phelps,Female,23,Yes,Govt.,Rural,Enrolled
Rachel Ramirez,Male,22,Yes,Private,Rural,Dropped
Nichole Petty,Female,12,Yes,Govt.,Urban,Dropped
Jesse Manning,Female,15,No,Govt.,Rural,Dropped
Joy Kline,Female,16,No,Private,Urban,Graduated
Margaret Huber,Female,21,Yes,Private,Rural,Dropped
Lauren Allen,Male,16,Yes,Private,Urban,Graduated
Briana Castillo,Male,15,Yes,Govt.,Rural,Enrolled
Cynthia Gomez,Male,29,No,Private,Rural,Enrolled
Jonathan Clark,Male,21,Yes,Private,Rural,Graduated
Andrew Wright,Male,22,No,Private,Urban,Graduated
Christine Holloway,Female,17,Yes,Govt.,Urban,Dropped
Dana West,Male,29,Yes,Govt.,Rural,Enrolled
David Torres,Female,18,No,Govt.,Rural,Enrolled
David Holmes,Male,25,Yes,Govt.,Rural,Graduated
Nancy Hunter,Female,27,No,Private,Rural,Graduated
Sierra Wallace,Male,22,No,Private,Rural,Enrolled
Joseph Ayala,Female,22,No,Private,Urban,Dropped
Lori Kerr,Female,14,Yes,Private,Rural,Dropped
Steven Ford,Male,19,Yes,Govt.,Rural,Graduated
Tammy Dunlap,Female,17,Yes,Govt.,Urban,Graduated
Mary Valdez,Male,18,Yes,Govt.,Urban,Graduated
Christopher Clements,Female,30,No,Govt.,Rural,Dropped
Linda Bradshaw,Male,22,No,Private,Urban,Enrolled
Emma Griffith,Male,12,Yes,Private,Urban,Dropped
Autumn Jones,Male,29,No,Private,Urban,Enrolled
Kayla Harvey,Female,30,Yes,Govt.,Urban,Graduated
Terry Lopez,Male,14,No,Private,Urban,Dropped
Eileen Morris,Male,22,Yes,Private,Rural,Graduated
John Glover,Male,23,No,Private,Urban,Graduated
Gregory Rivera,Female,18,No,Govt.,Urban,Dropped
Logan Chan,Male,19,Yes,Private,Rural,Dropped
Joseph Brown Jr.,Male,29,No,Govt.,Urban,Graduated
Lori Wilkinson,Male,25,No,Govt.,Rural,Graduated
Kathy Collier,Female,26,Yes,Govt.,Rural,Dropped
John Ruiz,Male,20,Yes,Govt.,Rural,Graduated
Douglas Smith,Female,12,Yes,Private,Rural,Graduated
Carl Boyd,Female,12,No,Govt.,Rural,Dropped
James Moon,Female,15,No,Private,Rural,Graduated
Craig Ferguson,Male,27,No,Private,Rural,Graduated
Joshua Conley,Male,20,Yes,Govt.,Rural,Graduated
Melissa Tran,Female,22,Yes,Private,Urban,Graduated
Jacqueline Sullivan,Male,26,No,Private,Rural,Graduated
Kelly Carroll MD,Male,15,No,Govt.,Urban,Enrolled
Patrick Thomas,Male,22,No,Private,Rural,Enrolled
Matthew Smith,Male,24,No,Private,Rural,Dropped
Marcus Pierce,Male,26,No,Govt.,Urban,Enrolled
Amy Wilkins,Female,13,Yes,Private,Urban,Dropped
Shawn Olson,Female,18,Yes,Govt.,Rural,Graduated
Amy Matthews,Male,26,Yes,Private,Rural,Enrolled
Michael Davies,Female,14,No,Private,Urban,Graduated
Bryan Flowers,Male,15,Yes,Private,Rural,Graduated
Amanda Phelps,Male,12,Yes,Private,Urban,Graduated
Chris Spence,Female,21,No,Govt.,Rural,Dropped
Roberto Buchanan,Female,17,No,Govt.,Urban,Graduated
Mark Green,Female,22,No,Govt.,Urban,Enrolled
Stacy Arnold,Male,24,Yes,Private,Rural,Enrolled
Joanna Martin,Female,22,Yes,Govt.,Urban,Enrolled
Kristin Rodriguez,Male,25,No,Govt.,Urban,Enrolled
Sherry Castro,Male,29,Yes,Govt.,Rural,Enrolled
Angela Gardner,Female,22,No,Govt.,Rural,Dropped
Jennifer Porter,Male,12,Yes,Private,Urban,Dropped
Emily Jones,Male,20,No,Private,Rural,Dropped
Rachel Gallagher,Male,27,No,Private,Urban,Graduated
Joseph Price,Male,17,Yes,Private,Rural,Enrolled
Michelle Alexander,Female,21,Yes,Govt.,Urban,Dropped
Angela Miranda,Female,14,No,Private,Urban,Graduated
